metric,permutation_scheme,n_independent_units,n_samples,mean_unit_delta,bootstrap_ci_95_low,bootstrap_ci_95_high,permutation_p_greater,permutation_p_two_sided,permutation_null_mean,cohens_dz,hedges_g,wilcoxon_p_two_sided,wilcoxon_p_greater,sample_weighted_mean_same,sample_weighted_mean_different,n_valid_samples,directed_same_comparisons,directed_different_comparisons,latent_dim,dataset
cosine,global,7491,7491,0.143340464299999,0.13385029311287394,0.15274204501136238,0.000999000999000999,0.000999000999000999,-9.294135893466401e-06,0.7033313364991173,0.7032609071119716,0.0,0.0,0.12642427745768406,-0.012578367510044113,7491,11422790.0,44684800.0,4,PTB-XL
correlation,global,7491,7491,0.12232384211056195,0.11232966328100445,0.13197441133876622,0.000999000999000999,0.000999000999000999,1.1265674319489373e-05,0.5763558067499511,0.5762980922928514,0.0,0.0,0.110195389583965,-0.01133769103971843,7491,11422790.0,44684800.0,4,PTB-XL
neg_sqeuclidean,global,7491,7491,34.142954671274744,31.593204494903627,36.73773589985765,0.000999000999000999,0.000999000999000999,0.0015838293222256302,0.5475151828794,0.5474603564316335,0.0,0.0,-196.74682658662033,-232.25799527271042,7491,11422790.0,44684800.0,4,PTB-XL
cosine,global,7491,7491,0.11720192585760772,0.11063638224234672,0.12372026474371971,0.000999000999000999,0.000999000999000999,-7.854077127707337e-06,0.7856223096198345,0.7855436398735526,0.0,0.0,0.10162074411154827,-0.012377001409544272,7491,11422790.0,44684800.0,8,PTB-XL
correlation,global,7491,7491,0.10748407140643085,0.10075887763666416,0.11424265078866629,0.000999000999000999,0.000999000999000999,1.4570379374304494e-05,0.7174383167565141,0.7173664747407503,0.0,0.0,0.09616022896846316,-0.010683458111093983,7491,11422790.0,44684800.0,8,PTB-XL
neg_sqeuclidean,global,7491,7491,37.33771027510943,34.86493967343871,39.948462897895716,0.000999000999000999,0.000999000999000999,0.0017939875991019583,0.5855146157457055,0.5854559841542893,0.0,0.0,-267.674367720587,-307.37242500320883,7491,11422790.0,44684800.0,8,PTB-XL
cosine,global,7491,7491,0.09679801062462298,0.09171415582095288,0.10178426423346768,0.000999000999000999,0.000999000999000999,-7.551593179183178e-06,0.8275235369798565,0.8274406713765006,0.0,0.0,0.08274367717648433,-0.011442770456530835,7491,11422790.0,44684800.0,16,PTB-XL
correlation,global,7491,7491,0.09600351089108282,0.09089999505836154,0.10113906140465456,0.000999000999000999,0.000999000999000999,-1.5428606027064182e-06,0.8234356625252157,0.8233532062687461,0.0,0.0,0.08260343302446099,-0.011407939867583544,7491,11422790.0,44684800.0,16,PTB-XL
neg_sqeuclidean,global,7491,7491,39.11538600282103,36.43936455401532,41.84766645595602,0.000999000999000999,0.000999000999000999,0.0008583185092526363,0.5828452549774042,0.5827868906873768,0.0,0.0,-349.69857751565877,-391.70798368700355,7491,11422790.0,44684800.0,16,PTB-XL
